problem,category,topology,ground_truth,extracted_answer,accuracy
"Solve the math problem: On Mondays, Wednesdays, and Fridays, college student Kimo has three 1-hour  classes each day.  On Tuesdays and Thursdays, he has two 2-hour classes each day.  In one semester, there are 16 weeks of school.  In one semester, how many hours does Kimo spend attending classes?",arithmetic,ChainOfThought,,,0.0
Solve the algebra problem: Solve for y in the equation 2y - 5 = 11.,algebra,ChainOfThought,y = 8,': Step 1 -> Step 2 -> Final Answer,0.1
"Solve this logic problem: All roses are flowers. Some flowers fade quickly. Therefore, some roses fade quickly. Is this conclusion valid?",logic,ChainOfThought,"No, the conclusion is not valid. From 'All roses are flowers' and 'Some flowers fade quickly', we cannot conclude that 'Some roses fade quickly'. This is a fallacy of the undistributed middle term.",some roses fade quickly,0.20909090909090908
Solve this problem carefully: A bat and a ball cost $1.10 in total. The bat costs $1.00 more than the ball. How much does the ball cost?,edge_cases,ChainOfThought,$0.05,How much does the ball cost?': Step 1 -> Step 2 -> Final Answer,0.0
"Solve this problem carefully: If it takes 5 machines 5 minutes to make 5 widgets, how long would it take 100 machines to make 100 widgets?",edge_cases,ChainOfThought,5 minutes,"CoT response for 'Solve this problem carefully: If it takes 5 machines 5 minutes to make 5 widgets, how long would it take 100 machines to make 100 widgets?': Step 1 -> Step 2 -> Final Answer",0.09
"Solve this problem carefully: In a lake, there is a patch of lily pads. Every day, the patch doubles in size. If it takes 48 days for the patch to cover the entire lake, how long would it take for the patch to cover half of the lake?",edge_cases,ChainOfThought,47 days,"If it takes 48 days for the patch to cover the entire lake, how long would it take for the patch to cover half of the lake?': Step 1 -> Step 2 -> Final Answer",0.07272727272727272
"Solve the math problem: On Mondays, Wednesdays, and Fridays, college student Kimo has three 1-hour  classes each day.  On Tuesdays and Thursdays, he has two 2-hour classes each day.  In one semester, there are 16 weeks of school.  In one semester, how many hours does Kimo spend attending classes?",arithmetic,TreeOfThought,,,0.0
Solve the algebra problem: Solve for y in the equation 2y - 5 = 11.,algebra,TreeOfThought,y = 8,': Branch A -> Branch B -> Merged Conclusion,0.08163265306122448
"Solve this logic problem: All roses are flowers. Some flowers fade quickly. Therefore, some roses fade quickly. Is this conclusion valid?",logic,TreeOfThought,"No, the conclusion is not valid. From 'All roses are flowers' and 'Some flowers fade quickly', we cannot conclude that 'Some roses fade quickly'. This is a fallacy of the undistributed middle term.",some roses fade quickly,0.20909090909090908
Solve this problem carefully: A bat and a ball cost $1.10 in total. The bat costs $1.00 more than the ball. How much does the ball cost?,edge_cases,TreeOfThought,$0.05,How much does the ball cost?': Branch A -> Branch B -> Merged Conclusion,0.0
"Solve this problem carefully: If it takes 5 machines 5 minutes to make 5 widgets, how long would it take 100 machines to make 100 widgets?",edge_cases,TreeOfThought,5 minutes,"ToT response for 'Solve this problem carefully: If it takes 5 machines 5 minutes to make 5 widgets, how long would it take 100 machines to make 100 widgets?': Branch A -> Branch B -> Merged Conclusion",0.0861244019138756
"Solve this problem carefully: In a lake, there is a patch of lily pads. Every day, the patch doubles in size. If it takes 48 days for the patch to cover the entire lake, how long would it take for the patch to cover half of the lake?",edge_cases,TreeOfThought,47 days,"If it takes 48 days for the patch to cover the entire lake, how long would it take for the patch to cover half of the lake?': Branch A -> Branch B -> Merged Conclusion",0.06896551724137931
"Solve the math problem: On Mondays, Wednesdays, and Fridays, college student Kimo has three 1-hour  classes each day.  On Tuesdays and Thursdays, he has two 2-hour classes each day.  In one semester, there are 16 weeks of school.  In one semester, how many hours does Kimo spend attending classes?",arithmetic,GraphOfThought,,,0.0
Solve the algebra problem: Solve for y in the equation 2y - 5 = 11.,algebra,GraphOfThought,y = 8,': Node 1 <-> Node 2 <-> Final Answer,0.09523809523809523
"Solve this logic problem: All roses are flowers. Some flowers fade quickly. Therefore, some roses fade quickly. Is this conclusion valid?",logic,GraphOfThought,,,0.0
Solve this problem carefully: A bat and a ball cost $1.10 in total. The bat costs $1.00 more than the ball. How much does the ball cost?,edge_cases,GraphOfThought,$0.05,How much does the ball cost?': Node 1 <-> Node 2 <-> Final Answer,0.0
"Solve this problem carefully: If it takes 5 machines 5 minutes to make 5 widgets, how long would it take 100 machines to make 100 widgets?",edge_cases,GraphOfThought,5 minutes,"GoT response for 'Solve this problem carefully: If it takes 5 machines 5 minutes to make 5 widgets, how long would it take 100 machines to make 100 widgets?': Node 1 <-> Node 2 <-> Final Answer",0.0891089108910891
"Solve this problem carefully: In a lake, there is a patch of lily pads. Every day, the patch doubles in size. If it takes 48 days for the patch to cover the entire lake, how long would it take for the patch to cover half of the lake?",edge_cases,GraphOfThought,47 days,"If it takes 48 days for the patch to cover the entire lake, how long would it take for the patch to cover half of the lake?': Node 1 <-> Node 2 <-> Final Answer",0.0718562874251497
"Solve the math problem: On Mondays, Wednesdays, and Fridays, college student Kimo has three 1-hour  classes each day.  On Tuesdays and Thursdays, he has two 2-hour classes each day.  In one semester, there are 16 weeks of school.  In one semester, how many hours does Kimo spend attending classes?",arithmetic,LLM+CoT,,,0.0
Solve the algebra problem: Solve for y in the equation 2y - 5 = 11.,algebra,LLM+CoT,,,0.0
"Solve this logic problem: All roses are flowers. Some flowers fade quickly. Therefore, some roses fade quickly. Is this conclusion valid?",logic,LLM+CoT,,,0.0
Solve this problem carefully: A bat and a ball cost $1.10 in total. The bat costs $1.00 more than the ball. How much does the ball cost?,edge_cases,LLM+CoT,$0.05,"10

Divide both sides by 2 to isolate x:
x = $0",0.07692307692307693
"Solve this problem carefully: If it takes 5 machines 5 minutes to make 5 widgets, how long would it take 100 machines to make 100 widgets?",edge_cases,LLM+CoT,5 minutes,it would take 100 machines 5 minutes to make 100 widgets,0.27692307692307694
"Solve this problem carefully: In a lake, there is a patch of lily pads. Every day, the patch doubles in size. If it takes 48 days for the patch to cover the entire lake, how long would it take for the patch to cover half of the lake?",edge_cases,LLM+CoT,47 days,"if it takes 48 days for the patch to cover the entire lake, then:

- Day before (47th day), the lily pads would have covered less than half of the lake",0.0759493670886076
"Solve the math problem: On Mondays, Wednesdays, and Fridays, college student Kimo has three 1-hour  classes each day.  On Tuesdays and Thursdays, he has two 2-hour classes each day.  In one semester, there are 16 weeks of school.  In one semester, how many hours does Kimo spend attending classes?",arithmetic,LLM+ToT,,,0.0
Solve the algebra problem: Solve for y in the equation 2y - 5 = 11.,algebra,LLM+ToT,y = 8,Both approaches lead to the same conclusion: y = 8,0.18181818181818182
"Solve this logic problem: All roses are flowers. Some flowers fade quickly. Therefore, some roses fade quickly. Is this conclusion valid?",logic,LLM+ToT,"No, the conclusion is not valid. From 'All roses are flowers' and 'Some flowers fade quickly', we cannot conclude that 'Some roses fade quickly'. This is a fallacy of the undistributed middle term.","from Premises 1 and 2 alone, we cannot conclude that some roses fade quickly",0.4981684981684982
Solve this problem carefully: A bat and a ball cost $1.10 in total. The bat costs $1.00 more than the ball. How much does the ball cost?,edge_cases,LLM+ToT,$0.05,"05, or 5 cents",0.21052631578947367
"Solve this problem carefully: If it takes 5 machines 5 minutes to make 5 widgets, how long would it take 100 machines to make 100 widgets?",edge_cases,LLM+ToT,5 minutes,"if 1 machine can make 1 widget in x minutes, it would take 5x minutes to make 100 widgets (since there are 100 widgets)",0.125
"Solve this problem carefully: In a lake, there is a patch of lily pads. Every day, the patch doubles in size. If it takes 48 days for the patch to cover the entire lake, how long would it take for the patch to cover half of the lake?",edge_cases,LLM+ToT,47 days,"Conclusion:
The patch would take 47 days to cover half of the lake, as doubling its size on each subsequent day means that on day 47, it had previously covered half of the lake",0.07650273224043716
"Solve the math problem: On Mondays, Wednesdays, and Fridays, college student Kimo has three 1-hour  classes each day.  On Tuesdays and Thursdays, he has two 2-hour classes each day.  In one semester, there are 16 weeks of school.  In one semester, how many hours does Kimo spend attending classes?",arithmetic,LLM+GoT,,,0.0
Solve the algebra problem: Solve for y in the equation 2y - 5 = 11.,algebra,LLM+GoT,y = 8,y is equal to 8,0.4
"Solve this logic problem: All roses are flowers. Some flowers fade quickly. Therefore, some roses fade quickly. Is this conclusion valid?",logic,LLM+GoT,,,0.0
Solve this problem carefully: A bat and a ball cost $1.10 in total. The bat costs $1.00 more than the ball. How much does the ball cost?,edge_cases,LLM+GoT,$0.05,"we can write another equation:
   â†’ x + y = 1",0.0
"Solve this problem carefully: If it takes 5 machines 5 minutes to make 5 widgets, how long would it take 100 machines to make 100 widgets?",edge_cases,LLM+GoT,5 minutes,it would take 100 machines 100 minutes to make 100 widgets,0.23880597014925373
"Solve this problem carefully: In a lake, there is a patch of lily pads. Every day, the patch doubles in size. If it takes 48 days for the patch to cover the entire lake, how long would it take for the patch to cover half of the lake?",edge_cases,LLM+GoT,47 days,it would take **2 days** for the patch to cover half of the lake,0.14084507042253522
